receita_fixa,preco_h2,p_cap_otimo_mw,lucro_rs,gap,iteracoes,h2_t,fc_eletrolisador,receita_mcp_rs,receita_h2_rs,receita_lrcap_rs,lucro_p_ref_rs,arrependimento_rs
330000.0,10,60.0,30129889.17635727,0.000620427772292073,2,487.3320907,0.1748,10567566.4036,4873320.9089,19800000.0001,29630608.9316,499280.2447572686
330000.0,15,60.0,32769074.499728635,0.000754771871824606,2,589.3994542,0.2115,9392181.8633,8840991.8181,19800000.0001,32306982.6023,462091.8974286355
330000.0,20,59.872401,36511449.78056173,0.0005419739115405279,3,908.6759172999999,0.326,4322273.9919,18173518.3498,19757892.3279,36325133.7031,186316.07746172696
330000.0,25,53.844434,41664708.29440293,2.0884992703078233e-05,4,1120.3257387,0.4019,1957878.1508,28008143.4778,17768663.2215,41661239.6446,3468.649802930653
330000.0,30,48.464306,47551240.274360105,0.0002636285859884043,3,1223.4675002,0.4389,971084.5345,36704025.0104,15993220.9817,47225626.0766,325614.19776010513
330000.0,35,45.978612,53765177.21656233,6.244761693016592e-06,5,1257.7245157000002,0.4512,651935.6594,44020358.0717,15172941.96,52811137.1366,954040.0799623281
330000.0,40,44.108926,60090921.098513216,0.00046401008906559837,4,1279.6906882,0.4591,377805.3121,51187627.5579,14555945.5794,58400697.5194,1690223.5791132152
330000.0,45,43.820481,66491625.31265746,0.00010075596086239575,4,1282.6662407,0.4602,331415.7158,57719980.8327,14460758.731,63994084.5558,2497540.756857462
600000.0,10,60.0,46329889.17635727,0.00011924489149803197,2,487.3320907,0.1748,10567566.4036,4873320.9089,35999999.9998,44329408.9314,2000480.2449572682
600000.0,15,60.0,48969074.499728635,0.00021947779613132724,2,589.3994542,0.2115,9392181.8633,8840991.8181,35999999.9998,47005708.4675,1963366.0322286338
600000.0,20,60.0,52707745.13521864,0.0004042365708867678,2,906.2516178999999,0.3251,4322090.1988,18125032.3639,35999999.9998,51023933.7028,1683811.4324186444
600000.0,25,60.0,57372552.83732818,0.0005721163650929728,3,952.3442539,0.3417,3372462.8553,23808606.3637,35999999.9998,56360039.6448,1012513.1925281808
600000.0,30,57.339658,62182389.69699846,0.0005782468473834883,3,1041.1832969,0.3735,2523457.1192,31235498.9028,34403794.8008,61924426.0766,257963.62039846182
600000.0,35,54.440686,67509968.24553496,0.0006429867996118438,4,1117.4235932,0.4009,1830213.3656,39109825.7908,32664411.5994,67509937.1365,31.109034955501556
600000.0,40,53.50476,73140417.61678588,0.000494135011548785,4,1138.2374256,0.4084,1619952.9009,45529497.0403,32102856.0021,73099497.519,40920.0977858901
600000.0,45,50.456029,79056373.4300365,6.976889411432589e-05,5,1195.5046431,0.4289,1117876.3646,53797708.9604,30273617.398,78692884.5559,363488.8741365075
830000.0,10,60.0,60129889.17635727,4.3240771098403844e-05,2,487.3320907,0.1748,10567566.4036,4873320.9089,49800000.0025,56850608.9315,3279280.2448572665
830000.0,15,60.0,62769074.499728635,0.00010237942148284756,2,589.3994542,0.2115,9392181.8633,8840991.8181,49800000.0025,59526908.4671,3242166.032628633
830000.0,20,60.0,66507745.13521864,0.0001856591375799711,2,906.2516178999999,0.3251,4322090.1988,18125032.3639,49800000.0025,63545133.7032,2962611.432018645
830000.0,25,60.0,71172552.83732818,0.0006344881697181536,2,952.3442539,0.3417,3372462.8553,23808606.3637,49800000.0025,68881124.6836,2291428.153728187
830000.0,30,60.0,75934915.74390228,0.0006479948678654647,3,952.5397720999999,0.3417,3367532.221,28576193.1818,49800000.0025,74445626.0766,1489289.6673022807
830000.0,35,60.0,80697614.60753864,0.0010334353664948471,4,952.5397720999999,0.3417,3367532.221,33338892.0456,49800000.0025,80031137.1369,666477.4706386477
830000.0,40,57.156417,85790582.37416226,0.00041891679191103986,3,1047.5165321,0.3758,2441712.373,41900661.2989,47439826.1099,85620697.5192,169884.85496225953
830000.0,45,54.277284,91203778.24418002,0.0007731267111585512,4,1122.2760630999999,0.4026,1750813.8011,50502422.8541,45050145.7215,91214084.5554,-10306.311219975352
1000000.0,10,60.0,70329889.17635727,1.6545355023335276e-05,2,487.3320907,0.1748,10567566.4036,4873320.9089,59999999.9997,66105408.9313,4224480.24505727
1000000.0,15,60.0,72969074.49972863,3.510848695608275e-05,2,589.3994542,0.2115,9392181.8633,8840991.8181,59999999.9997,68781581.0438,4187493.4559286386
1000000.0,20,60.0,76707745.13521864,9.711348274122154e-05,2,906.2516178999999,0.3251,4322090.1988,18125032.3639,59999999.9997,72799933.7029,3907811.432318628
1000000.0,25,60.0,81372552.83732818,0.00041867079482310246,2,952.3442539,0.3417,3372462.8553,23808606.3637,59999999.9997,78135924.6842,3236628.153128177
1000000.0,30,60.0,86134915.74390228,0.0004668963987250358,3,952.5397720999999,0.3417,3367532.221,28576193.1818,59999999.9997,83700426.0765,2434489.6674022824
1000000.0,35,60.0,90897614.60753864,0.0007716709876781142,3,952.5397720999999,0.3417,3367532.221,33338892.0456,59999999.9997,89285937.1366,1611677.4709386379
1000000.0,40,60.0,95660313.47117501,0.0010899917549488524,4,952.5397720999999,0.3417,3367532.221,38101590.9094,59999999.9997,94875497.5193,784815.9518750161
1000000.0,45,57.116945,100744988.41547292,9.494229610233204e-05,2,1048.7878400000002,0.3763,2426455.1226,47195452.8126,57116945.0024,100468884.5557,276103.8597729206
1500000.0,10,60.0,100329889.17635727,0.0008020775200804934,1,487.3320907,0.1748,10567566.4036,4873320.9089,90000000.002,93325408.9313,7004480.24505727
1500000.0,15,60.0,102969074.49972863,2.7059902645813147e-06,2,589.3994542,0.2115,9392181.8633,8840991.8181,90000000.002,96001417.1875,6967657.312228635
1500000.0,20,60.0,106707745.13521864,1.2303070282183015e-05,2,906.2516178999999,0.3251,4322090.1988,18125032.3639,90000000.002,100019758.2625,6687986.872718632
1500000.0,25,60.0,111372552.83732818,0.0001370319627918352,2,952.3442539,0.3417,3372462.8553,23808606.3637,90000000.002,105355924.6842,6016628.153128177
1500000.0,30,60.0,116134915.74390228,0.00041912081212414835,2,952.5397720999999,0.3417,3367532.221,28576193.1818,90000000.002,110920426.0766,5214489.667302281
1500000.0,35,60.0,120897614.60753864,0.0008435734526010093,2,952.5397720999999,0.3417,3367532.221,33338892.0456,90000000.002,116505937.1366,4391677.470938638
1500000.0,40,60.0,125660313.47117501,0.0005491500740448007,3,952.5397720999999,0.3417,3367532.221,38101590.9094,90000000.002,122095497.519,3564815.952175021
1500000.0,45,60.0,130423012.33481139,0.0007608262164071429,3,952.5397720999999,0.3417,3367532.221,42864289.7725,90000000.002,127688884.5559,2734127.778911397
2334000.0,10,60.0,150369889.17635727,0.0,1,487.3320907,0.1748,10567566.4036,4873320.9089,140039999.9981,138728086.9003,11641802.276057273
2334000.0,15,60.0,153009074.49972865,6.590927586162305e-07,1,589.3994542,0.2115,9392181.8633,8840991.8181,140039999.9981,141404138.8486,11604935.65112865
2334000.0,20,60.0,156747745.13521865,1.8835347859622793e-06,1,906.2516178999999,0.3251,4322090.1988,18125032.3639,140039999.9981,145422214.0969,11325531.038318664
2334000.0,25,60.0,161412552.8373282,6.92673402215687e-06,2,952.3442539,0.3417,3372462.8553,23808606.3637,140039999.9981,150758615.4608,10653937.376528203
2334000.0,30,60.0,166174915.7439023,7.872096609567106e-05,2,952.5397720999999,0.3417,3367532.221,28576193.1818,140039999.9981,156323111.3305,9851804.41340229
2334000.0,35,60.0,170937614.60753864,0.000253224618447759,2,952.5397720999999,0.3417,3367532.221,33338892.0456,140039999.9981,161908897.1366,9028717.470938653
2334000.0,40,60.0,175700313.47117501,0.0004899171593534597,2,952.5397720999999,0.3417,3367532.221,38101590.9094,140039999.9981,167498457.5191,8201855.952075005
2334000.0,45,60.0,180463012.3348114,0.0007870455642832466,2,952.5397720999999,0.3417,3367532.221,42864289.7725,140039999.9981,173091844.5559,7371167.778911382
